{
  "PURE->MR-NIRP NIR TS-CAN": {
    "MAE": {
      "value": 28.16321331521739,
      "se": 4.872734373675325
    },
    "RMSE": {
      "value": 36.596010856315615,
      "se": 21.085949554289428
    },
    "MAPE": {
      "value": 31.268714603151217,
      "se": 4.207153387136664
    },
    "Pearson": {
      "value": -0.23199181285087866,
      "se": 0.2122644126880841
    },
    "SNR": {
      "value": -7.693813972761663,
      "se": 0.48105904911991193
    },
    "MACC": {
      "value": 0.14630119756692334,
      "se": 0.0054195021691566935
    }
  }
}