{
  "PURE->MR-NIRP RGB TS-CAN": {
    "MAE": {
      "value": 24.700296336206897,
      "se": 3.9187476389044305
    },
    "RMSE": {
      "value": 32.48762145435686,
      "se": 16.03299307954236
    },
    "MAPE": {
      "value": 28.23343105994287,
      "se": 3.706370650579988
    },
    "Pearson": {
      "value": -0.08021301477853986,
      "se": 0.19182996640158892
    },
    "SNR": {
      "value": -7.482898471536782,
      "se": 0.46777743360757185
    },
    "MACC": {
      "value": 0.14356134190810638,
      "se": 0.005437235309376195
    }
  }
}