{
  "PURE->MR-NIRP NIR EfficientPhys": {
    "MAE": {
      "value": 27.255647078804348,
      "se": 4.202411032478058
    },
    "RMSE": {
      "value": 33.89773211971388,
      "se": 17.5366261072446
    },
    "MAPE": {
      "value": 29.88229948391254,
      "se": 3.41101800825393
    },
    "Pearson": {
      "value": 0.037855227331208774,
      "se": 0.2180614790727936
    },
    "SNR": {
      "value": -7.47047989220381,
      "se": 0.6709494554222043
    },
    "MACC": {
      "value": 0.15231830352972614,
      "se": 0.007564769993152237
    }
  }
}