{
  "PURE->UBFC DeepPhys (full)": {
    "MAE": {
      "value": 1.2555803571428572,
      "se": 0.41447134349048903
    },
    "RMSE": {
      "value": 2.965048870657117,
      "se": 1.9443035158950805
    },
    "MAPE": {
      "value": 1.4676997461398908,
      "se": 0.49554038926562377
    },
    "Pearson": {
      "value": 0.9890296066977521,
      "se": 0.02335617534790842
    },
    "SNR": {
      "value": 0.5446678564528546,
      "se": 0.5523947970531911
    },
    "MACC": {
      "value": 0.829724526008897,
      "se": 0.012418715204414166
    }
  }
}