{
  "PURE->MR-NIRP RGB PhysNet": {
    "MAE": {
      "value": 23.654700969827587,
      "se": 3.4879732924781535
    },
    "RMSE": {
      "value": 30.205258663917245,
      "se": 16.03743636774219
    },
    "MAPE": {
      "value": 27.76251192780587,
      "se": 3.391586408090204
    },
    "Pearson": {
      "value": -0.01314872766441442,
      "se": 0.19243345275520354
    },
    "SNR": {
      "value": -7.690679003310534,
      "se": 0.4720105618614696
    },
    "MACC": {
      "value": 0.14567181083894537,
      "se": 0.005875349084405124
    }
  }
}