{
  "POS": {
    "MAE": {
      "value": 3.515625,
      "se": 1.253049206512826
    },
    "RMSE": {
      "value": 8.849021207241327,
      "se": 7.107079949312895
    },
    "MAPE": {
      "value": 3.481245844912507,
      "se": 1.2247209760890494
    },
    "Pearson": {
      "value": 0.8988284473556605,
      "se": 0.06930141092074041
    },
    "SNR": {
      "value": -1.2444085881621245,
      "se": 0.535222378274062
    },
    "MACC": {
      "value": 0.7069639710438974,
      "se": 0.018756716488005663
    }
  },
  "CHROM": {
    "MAE": {
      "value": 3.306361607142857,
      "se": 1.0013245799026993
    },
    "RMSE": {
      "value": 7.283087633587531,
      "se": 4.9292254833809475
    },
    "MAPE": {
      "value": 3.1876515256786018,
      "se": 0.9308379971406964
    },
    "Pearson": {
      "value": 0.9169348221872472,
      "se": 0.06309329042387181
    },
    "SNR": {
      "value": -1.5716814219942945,
      "se": 0.5590284300780864
    },
    "MACC": {
      "value": 0.6883393651704113,
      "se": 0.019199636696771896
    }
  },
  "ICA": {
    "MAE": {
      "value": 15.621512276785714,
      "se": 3.401550618929949
    },
    "RMSE": {
      "value": 27.018412306532024,
      "se": 14.10354807708569
    },
    "MAPE": {
      "value": 14.821078859651177,
      "se": 3.0734677747669905
    },
    "Pearson": {
      "value": 0.4681732212167948,
      "se": 0.13971523135788472
    },
    "SNR": {
      "value": -4.8095383040221105,
      "se": 0.8286585208415334
    },
    "MACC": {
      "value": 0.5263889477301688,
      "se": 0.035528627829630725
    }
  },
  "GREEN": {
    "MAE": {
      "value": 22.600446428571427,
      "se": 4.343315606061956
    },
    "RMSE": {
      "value": 36.098262809073006,
      "se": 18.376202668121316
    },
    "MAPE": {
      "value": 21.478320322515554,
      "se": 3.7991458292957803
    },
    "Pearson": {
      "value": 0.3019676138435347,
      "se": 0.15073283983505734
    },
    "SNR": {
      "value": -6.3424746917780075,
      "se": 0.8180541163679466
    },
    "MACC": {
      "value": 0.4404441582349997,
      "se": 0.030440126717459423
    }
  },
  "LGI": {
    "MAE": {
      "value": 18.938337053571427,
      "se": 4.209987584843483
    },
    "RMSE": {
      "value": 33.21247385945828,
      "se": 17.54068164763928
    },
    "MAPE": {
      "value": 17.51227941783069,
      "se": 3.6485209848510585
    },
    "Pearson": {
      "value": 0.2638587936254497,
      "se": 0.1525105354579252
    },
    "SNR": {
      "value": -4.82370315080929,
      "se": 0.7212391266300255
    },
    "MACC": {
      "value": 0.5097421654085792,
      "se": 0.03213547994956052
    }
  },
  "PBV": {
    "MAE": {
      "value": 16.761997767857142,
      "se": 3.9174356265151755
    },
    "RMSE": {
      "value": 30.422183492659467,
      "se": 16.550869666872806
    },
    "MAPE": {
      "value": 15.947332600834418,
      "se": 3.4989134886566964
    },
    "Pearson": {
      "value": 0.41686902084267663,
      "se": 0.14372023339301152
    },
    "SNR": {
      "value": -5.282652940708071,
      "se": 0.6730705828151373
    },
    "MACC": {
      "value": 0.48723993546545347,
      "se": 0.030460241603755836
    }
  },
  "OMIT": {
    "MAE": {
      "value": 18.938337053571427,
      "se": 4.209987584843483
    },
    "RMSE": {
      "value": 33.21247385945828,
      "se": 17.54068164763928
    },
    "MAPE": {
      "value": 17.51227941783069,
      "se": 3.6485209848510585
    },
    "Pearson": {
      "value": 0.2638587936254497,
      "se": 0.1525105354579252
    },
    "SNR": {
      "value": -4.829984726221849,
      "se": 0.7252470635540662
    },
    "MACC": {
      "value": 0.5101144514991381,
      "se": 0.03230419175800755
    }
  }
}