{
  "PURE->UBFC PhysNet (full)": {
    "MAE": {
      "value": 2.6785714285714284,
      "se": 1.088150479374037
    },
    "RMSE": {
      "value": 7.543589759521718,
      "se": 6.496492054050566
    },
    "MAPE": {
      "value": 2.7087373881405497,
      "se": 1.092766737830976
    },
    "Pearson": {
      "value": 0.9165540119705557,
      "se": 0.06323146826159393
    },
    "SNR": {
      "value": -1.412307572728446,
      "se": 0.52850435840555
    },
    "MACC": {
      "value": 0.7306177993202007,
      "se": 0.021398866237711457
    }
  }
}