{
  "PURE->MR-NIRP RGB PhysFormer": {
    "MAE": {
      "value": 17.767544450431036,
      "se": 3.0348892714979145
    },
    "RMSE": {
      "value": 24.14107846835729,
      "se": 12.449353450100267
    },
    "MAPE": {
      "value": 20.280571743732292,
      "se": 3.0151694685516475
    },
    "Pearson": {
      "value": 0.3048843658908666,
      "se": 0.18328742086066013
    },
    "SNR": {
      "value": -7.2087773555557515,
      "se": 0.5068639009291533
    },
    "MACC": {
      "value": 0.1578788069980446,
      "se": 0.0076763903802962346
    }
  }
}