{
  "POS": {
    "MAE": {
      "value": 13.956425107758621,
      "se": 2.577455082158629
    },
    "RMSE": {
      "value": 19.68341352774691,
      "se": 10.581347963818848
    },
    "MAPE": {
      "value": 15.594303283908365,
      "se": 2.4106020263491006
    },
    "Pearson": {
      "value": 0.5502573245597665,
      "se": 0.1606948888039562
    },
    "SNR": {
      "value": -6.429296918379537,
      "se": 0.9046144510795227
    },
    "MACC": {
      "value": 0.17762246319908814,
      "se": 0.011033871966165665
    }
  },
  "CHROM": {
    "MAE": {
      "value": 14.160998114224139,
      "se": 2.621534234255229
    },
    "RMSE": {
      "value": 19.995866525130936,
      "se": 11.074214168713135
    },
    "MAPE": {
      "value": 16.692753712895495,
      "se": 2.91179046382187
    },
    "Pearson": {
      "value": 0.4424300824503458,
      "se": 0.17258981796315453
    },
    "SNR": {
      "value": -6.7680703401793325,
      "se": 0.7505481473281306
    },
    "MACC": {
      "value": 0.1690949809673908,
      "se": 0.00773390599666747
    }
  },
  "ICA": {
    "MAE": {
      "value": 22.768217941810345,
      "se": 4.10121991974289
    },
    "RMSE": {
      "value": 31.720212614649277,
      "se": 17.20340323266667
    },
    "MAPE": {
      "value": 24.389927020280243,
      "se": 3.464770835007757
    },
    "Pearson": {
      "value": -0.23592591727064213,
      "se": 0.18701742457539897
    },
    "SNR": {
      "value": -6.506318854225088,
      "se": 1.076186994052106
    },
    "MACC": {
      "value": 0.18162666922993653,
      "se": 0.013346383297552758
    }
  },
  "GREEN": {
    "MAE": {
      "value": 24.28357354525862,
      "se": 3.8989958431199505
    },
    "RMSE": {
      "value": 32.10225588776149,
      "se": 16.791841072943626
    },
    "MAPE": {
      "value": 27.317537943665606,
      "se": 3.3107481005426576
    },
    "Pearson": {
      "value": 0.10146654534406901,
      "se": 0.1914568455559111
    },
    "SNR": {
      "value": -8.496148924407528,
      "se": 0.88387343517997
    },
    "MACC": {
      "value": 0.14384364436033817,
      "se": 0.0076629728180484915
    }
  },
  "LGI": {
    "MAE": {
      "value": 22.58637526939655,
      "se": 4.04441539608207
    },
    "RMSE": {
      "value": 31.3768374568871,
      "se": 16.588771550736716
    },
    "MAPE": {
      "value": 24.51596754735677,
      "se": 3.6178589077679244
    },
    "Pearson": {
      "value": 0.017063095779530198,
      "se": 0.19242207184193144
    },
    "SNR": {
      "value": -7.188472405447158,
      "se": 1.0583246402198194
    },
    "MACC": {
      "value": 0.16214956185789403,
      "se": 0.01283560695747068
    }
  },
  "PBV": {
    "MAE": {
      "value": 18.866177262931036,
      "se": 3.172195706771976
    },
    "RMSE": {
      "value": 25.45102329919467,
      "se": 12.730364645105038
    },
    "MAPE": {
      "value": 21.08960552657147,
      "se": 3.10393741655138
    },
    "Pearson": {
      "value": 0.3447445226464485,
      "se": 0.18065223539178007
    },
    "SNR": {
      "value": -7.298288983116212,
      "se": 0.9067355412856848
    },
    "MACC": {
      "value": 0.15471300844550007,
      "se": 0.010269300391615388
    }
  },
  "OMIT": {
    "MAE": {
      "value": 22.616682381465516,
      "se": 4.0481120508464405
    },
    "RMSE": {
      "value": 31.412472778406507,
      "se": 16.592033105538032
    },
    "MAPE": {
      "value": 24.553868286856538,
      "se": 3.6256452684117826
    },
    "Pearson": {
      "value": 0.016900610610104293,
      "se": 0.19242260294591615
    },
    "SNR": {
      "value": -7.201285492058159,
      "se": 1.0726720464873338
    },
    "MACC": {
      "value": 0.1625276686904032,
      "se": 0.012814215105568976
    }
  }
}