{
  "PURE->MR-NIRP NIR PhysFormer": {
    "MAE": {
      "value": 27.475373641304348,
      "se": 5.191115339025264
    },
    "RMSE": {
      "value": 37.076849399318434,
      "se": 21.198224311076256
    },
    "MAPE": {
      "value": 28.524726510995002,
      "se": 3.9703717835054766
    },
    "Pearson": {
      "value": 0.05836403537270845,
      "se": 0.217845908775535
    },
    "SNR": {
      "value": -7.430343698975279,
      "se": 0.48219763412393196
    },
    "MACC": {
      "value": 0.1479217094754774,
      "se": 0.0072828669192295725
    }
  }
}