{
  "GREEN": {
    "MAE": {
      "value": 24.20813519021739,
      "se": 4.55040709824927
    },
    "RMSE": {
      "value": 32.592583801582535,
      "se": 17.408951176918865
    },
    "MAPE": {
      "value": 26.38573927087475,
      "se": 4.408378531985738
    },
    "Pearson": {
      "value": 0.009350448625198857,
      "se": 0.21820835053534846
    },
    "SNR": {
      "value": -7.963394222266681,
      "se": 0.7045975087797847
    },
    "MACC": {
      "value": 0.1402568569399655,
      "se": 0.00621581310883683
    }
  }
}