{
  "PURE->UBFC TS-CAN (full)": {
    "MAE": {
      "value": 1.4229910714285714,
      "se": 0.40464461063137214
    },
    "RMSE": {
      "value": 2.9835999309076366,
      "se": 1.7539771124664194
    },
    "MAPE": {
      "value": 1.6222556901727703,
      "se": 0.4734280841450951
    },
    "Pearson": {
      "value": 0.9882771273567946,
      "se": 0.02413934523936076
    },
    "SNR": {
      "value": 0.4314638825250925,
      "se": 0.531704699408368
    },
    "MACC": {
      "value": 0.8353994550628558,
      "se": 0.010483581899044013
    }
  }
}