{
  "PURE->UBFC EfficientPhys (full)": {
    "MAE": {
      "value": 2.6785714285714284,
      "se": 1.448898501757345
    },
    "RMSE": {
      "value": 9.764508864788628,
      "se": 9.294012447914495
    },
    "MAPE": {
      "value": 2.649077363261796,
      "se": 1.3387725057830746
    },
    "Pearson": {
      "value": 0.8665756664297692,
      "se": 0.07890605400598254
    },
    "SNR": {
      "value": -0.4435250237299406,
      "se": 0.5596230752100328
    },
    "MACC": {
      "value": 0.7923150300693597,
      "se": 0.018242285521502793
    }
  }
}