{
  "PURE->MR-NIRP NIR DeepPhys": {
    "MAE": {
      "value": 26.682447350543477,
      "se": 5.0607730481146636
    },
    "RMSE": {
      "value": 36.069595853551945,
      "se": 18.920149380343368
    },
    "MAPE": {
      "value": 27.068954022101376,
      "se": 4.224538212021939
    },
    "Pearson": {
      "value": 0.056989797879072296,
      "se": 0.21786323395956272
    },
    "SNR": {
      "value": -7.647767507969598,
      "se": 0.8604257502163928
    },
    "MACC": {
      "value": 0.15497664573143072,
      "se": 0.009789960138786451
    }
  }
}