{
  "PURE->UBFC EfficientPhys": {
    "MAE": {
      "value": 16.0400390625,
      "se": 12.896189788961767
    },
    "RMSE": {
      "value": 30.373173976688918,
      "se": 28.202309130404817
    },
    "MAPE": {
      "value": 14.790099009900992,
      "se": 11.693311715195929
    },
    "Pearson": {
      "value": -0.14435123707331254,
      "se": 0.6997009076581951
    },
    "SNR": {
      "value": -2.0606706436274784,
      "se": 2.402117220584864
    },
    "MACC": {
      "value": 0.6915601026988207,
      "se": 0.14570807865980925
    }
  }
}