{
  "PURE->UBFC PhysNet": {
    "MAE": {
      "value": 0.87890625,
      "se": 0.7611551400449168
    },
    "RMSE": {
      "value": 1.7578125,
      "se": 1.6358288538904096
    },
    "MAPE": {
      "value": 0.9900990099009901,
      "se": 0.8574508948360778
    },
    "Pearson": {
      "value": 0.9961666679982251,
      "se": 0.0618545453839652
    },
    "SNR": {
      "value": 0.09156317803760095,
      "se": 0.879545541523292
    },
    "MACC": {
      "value": 0.8089566499139291,
      "se": 0.017895235595329514
    }
  }
}