{
  "PURE->UBFC PhysFormer (full)": {
    "MAE": {
      "value": 1.3811383928571428,
      "se": 0.5369087449133526
    },
    "RMSE": {
      "value": 3.743651329321433,
      "se": 2.816431193044774
    },
    "MAPE": {
      "value": 1.6001832544566192,
      "se": 0.6170309771538506
    },
    "Pearson": {
      "value": 0.9774831569452039,
      "se": 0.033364156623702394
    },
    "SNR": {
      "value": -0.2819674166030154,
      "se": 0.5270426831941527
    },
    "MACC": {
      "value": 0.786400945207393,
      "se": 0.01613483580190118
    }
  }
}