{
  "unsupervised_UBFC_subset": {
    "POS": {
      "MAE": {
        "value": 0.2197265625,
        "se": 0.1902887850112292
      },
      "RMSE": {
        "value": 0.439453125,
        "se": 0.4089572134726024
      },
      "MAPE": {
        "value": 0.21739130434782608,
        "se": 0.1882663921270519
      },
      "Pearson": {
        "value": 0.9991789771822391,
        "se": 0.02864761383653498
      },
      "SNR": {
        "value": -0.694330453311563,
        "se": 1.3598522065854537
      },
      "MACC": {
        "value": 0.765998708117975,
        "se": 0.038988213970484215
      }
    },
    "CHROM": {
      "MAE": {
        "value": 1.318359375,
        "se": 1.141732710067375
      },
      "RMSE": {
        "value": 2.63671875,
        "se": 2.453743280835614
      },
      "MAPE": {
        "value": 1.171875,
        "se": 1.014873520059889
      },
      "Pearson": {
        "value": 0.9739182692305229,
        "se": 0.16044189736322412
      },
      "SNR": {
        "value": -0.857126871286656,
        "se": 1.1973975777058434
      },
      "MACC": {
        "value": 0.7644437087287455,
        "se": 0.032118056446634645
      }
    },
    "ICA": {
      "MAE": {
        "value": 8.7890625,
        "se": 7.106379622029593
      },
      "RMSE": {
        "value": 16.71077930434413,
        "se": 15.536788011187923
      },
      "MAPE": {
        "value": 9.823331898407233,
        "se": 8.027111251354025
      },
      "Pearson": {
        "value": 0.9634850277012147,
        "se": 0.18933647482140034
      },
      "SNR": {
        "value": -3.769755912358215,
        "se": 1.3516447661732969
      },
      "MACC": {
        "value": 0.5947298789040267,
        "se": 0.09662251253857264
      }
    },
    "GREEN": {
      "MAE": {
        "value": 9.8876953125,
        "se": 6.860080048424925
      },
      "RMSE": {
        "value": 16.911809828519992,
        "se": 15.475981019191627
      },
      "MAPE": {
        "value": 10.795206898407232,
        "se": 7.794751147980985
      },
      "Pearson": {
        "value": 0.9427179165876217,
        "se": 0.23588443117837798
      },
      "SNR": {
        "value": -3.3213474727211842,
        "se": 0.5455724120608687
      },
      "MACC": {
        "value": 0.5851065894756495,
        "se": 0.03990798138884585
      }
    },
    "LGI": {
      "MAE": {
        "value": 0.2197265625,
        "se": 0.1902887850112292
      },
      "RMSE": {
        "value": 0.439453125,
        "se": 0.4089572134726024
      },
      "MAPE": {
        "value": 0.21739130434782608,
        "se": 0.1882663921270519
      },
      "Pearson": {
        "value": 0.9991789771822391,
        "se": 0.02864761383653498
      },
      "SNR": {
        "value": -1.3798929345329496,
        "se": 1.0966381927593927
      },
      "MACC": {
        "value": 0.7003115834699426,
        "se": 0.057627315678919384
      }
    },
    "PBV": {
      "MAE": {
        "value": 3.515625,
        "se": 3.044620560179667
      },
      "RMSE": {
        "value": 7.03125,
        "se": 6.543315415561638
      },
      "MAPE": {
        "value": 3.125,
        "se": 2.7063293868263707
      },
      "Pearson": {
        "value": 0.7558895285031304,
        "se": 0.4629422321949658
      },
      "SNR": {
        "value": -2.3141813115967933,
        "se": 1.7528817728747148
      },
      "MACC": {
        "value": 0.6457755321226588,
        "se": 0.06239550158063393
      }
    },
    "OMIT": {
      "MAE": {
        "value": 0.2197265625,
        "se": 0.1902887850112292
      },
      "RMSE": {
        "value": 0.439453125,
        "se": 0.4089572134726024
      },
      "MAPE": {
        "value": 0.21739130434782608,
        "se": 0.1882663921270519
      },
      "Pearson": {
        "value": 0.9991789771822391,
        "se": 0.02864761383653498
      },
      "SNR": {
        "value": -1.383996163233549,
        "se": 1.098632397938327
      },
      "MACC": {
        "value": 0.7001551924891392,
        "se": 0.057744240376317105
      }
    }
  },
  "neural_PURE_to_UBFC_subset": {
    "PURE->UBFC PhysNet": {
      "MAE": {
        "value": 0.87890625,
        "se": 0.7611551400449168
      },
      "RMSE": {
        "value": 1.7578125,
        "se": 1.6358288538904096
      },
      "MAPE": {
        "value": 0.9900990099009901,
        "se": 0.8574508948360778
      },
      "Pearson": {
        "value": 0.9961666679982251,
        "se": 0.0618545453839652
      },
      "SNR": {
        "value": 0.09156317803760095,
        "se": 0.879545541523292
      },
      "MACC": {
        "value": 0.8089566499139291,
        "se": 0.017895235595329514
      }
    },
    "PURE->UBFC TSCAN": {
      "MAE": {
        "value": 0.87890625,
        "se": 0.7611551400449168
      },
      "RMSE": {
        "value": 1.7578125,
        "se": 1.6358288538904096
      },
      "MAPE": {
        "value": 0.9900990099009901,
        "se": 0.8574508948360778
      },
      "Pearson": {
        "value": 0.9956525591939227,
        "se": 0.06586342448807313
      },
      "SNR": {
        "value": 0.4023785949970812,
        "se": 1.2695060942848366
      },
      "MACC": {
        "value": 0.8275297309439191,
        "se": 0.04702904014792783
      }
    },
    "PURE->UBFC DeepPhys": {
      "MAE": {
        "value": 0.87890625,
        "se": 0.7611551400449168
      },
      "RMSE": {
        "value": 1.7578125,
        "se": 1.6358288538904096
      },
      "MAPE": {
        "value": 0.9900990099009901,
        "se": 0.8574508948360778
      },
      "Pearson": {
        "value": 0.9956525591939227,
        "se": 0.06586342448807313
      },
      "SNR": {
        "value": 0.45028518928635863,
        "se": 1.3881863614653078
      },
      "MACC": {
        "value": 0.821408124250238,
        "se": 0.04648760686646464
      }
    },
    "PURE->UBFC EfficientPhys": {
      "MAE": {
        "value": 16.0400390625,
        "se": 12.896189788961767
      },
      "RMSE": {
        "value": 30.373173976688918,
        "se": 28.202309130404817
      },
      "MAPE": {
        "value": 14.790099009900992,
        "se": 11.693311715195929
      },
      "Pearson": {
        "value": -0.14435123707331254,
        "se": 0.6997009076581951
      },
      "SNR": {
        "value": -2.0606706436274784,
        "se": 2.402117220584864
      },
      "MACC": {
        "value": 0.6915601026988207,
        "se": 0.14570807865980925
      }
    },
    "PURE->UBFC PhysFormer": {
      "MAE": {
        "value": 0.87890625,
        "se": 0.7611551400449168
      },
      "RMSE": {
        "value": 1.7578125,
        "se": 1.6358288538904096
      },
      "MAPE": {
        "value": 0.9900990099009901,
        "se": 0.8574508948360778
      },
      "Pearson": {
        "value": 0.9956525591939227,
        "se": 0.06586342448807313
      },
      "SNR": {
        "value": -0.7588529240413647,
        "se": 1.4007571879827914
      },
      "MACC": {
        "value": 0.7630038892617981,
        "se": 0.07563832928114636
      }
    }
  },
  "subset_subjects": [
    1,
    3,
    4,
    5
  ],
  "note": "4-subject UBFC-rPPG subset; absolute values NOT comparable to published 42-subject averages."
}