{
  "PURE->MR-NIRP RGB EfficientPhys": {
    "MAE": {
      "value": 33.37570716594828,
      "se": 5.326516384658127
    },
    "RMSE": {
      "value": 44.0081737397957,
      "se": 23.820963684619805
    },
    "MAPE": {
      "value": 40.00951786662485,
      "se": 6.427658163219465
    },
    "Pearson": {
      "value": -0.168878817332953,
      "se": 0.18968589485195267
    },
    "SNR": {
      "value": -7.9201590360722225,
      "se": 0.5410127167882758
    },
    "MACC": {
      "value": 0.1432197281424836,
      "se": 0.005679421637423817
    }
  }
}