{
  "PURE->UBFC PhysFormer": {
    "MAE": {
      "value": 0.87890625,
      "se": 0.7611551400449168
    },
    "RMSE": {
      "value": 1.7578125,
      "se": 1.6358288538904096
    },
    "MAPE": {
      "value": 0.9900990099009901,
      "se": 0.8574508948360778
    },
    "Pearson": {
      "value": 0.9956525591939227,
      "se": 0.06586342448807313
    },
    "SNR": {
      "value": -0.7588529240413647,
      "se": 1.4007571879827914
    },
    "MACC": {
      "value": 0.7630038892617981,
      "se": 0.07563832928114636
    }
  }
}