{
  "PURE->MR-NIRP RGB DeepPhys": {
    "MAE": {
      "value": 20.517914870689655,
      "se": 3.6120244170991938
    },
    "RMSE": {
      "value": 28.27259666077331,
      "se": 14.60985200142207
    },
    "MAPE": {
      "value": 22.87609077880482,
      "se": 3.310964121600087
    },
    "Pearson": {
      "value": 0.16326855141450836,
      "se": 0.18986772979951733
    },
    "SNR": {
      "value": -7.397748814060868,
      "se": 0.7857156365861223
    },
    "MACC": {
      "value": 0.15707726902291116,
      "se": 0.010109696358586797
    }
  }
}