{
  "PURE->MR-NIRP NIR PhysNet": {
    "MAE": {
      "value": 22.125509510869566,
      "se": 3.9497772006405323
    },
    "RMSE": {
      "value": 29.12653754934963,
      "se": 15.47732493282164
    },
    "MAPE": {
      "value": 23.027335802116475,
      "se": 3.31357076659904
    },
    "Pearson": {
      "value": 0.272995980663275,
      "se": 0.20992892159260282
    },
    "SNR": {
      "value": -7.373142889625688,
      "se": 0.5563845181836915
    },
    "MACC": {
      "value": 0.15127464165750923,
      "se": 0.007366140529641255
    }
  }
}